n_selfcoldistance,2
observation_shape,"(25,)"
action_shape,"(8,)"
n_selfcoldistance,2
observation_shape,"(25,)"
action_shape,"(8,)"
n_selfcoldistance,2
observation_shape,"(25,)"
action_shape,"(8,)"
n_selfcoldistance,2
observation_shape,"(25,)"
action_shape,"(8,)"
n_selfcoldistance,2
observation_shape,"(25,)"
action_shape,"(8,)"
n_selfcoldistance,2
observation_shape,"(25,)"
action_shape,"(8,)"
n_selfcoldistance,2
observation_shape,"(25,)"
action_shape,"(8,)"
n_selfcoldistance,2
observation_shape,"(25,)"
action_shape,"(8,)"
n_selfcoldistance,2
observation_shape,"(25,)"
action_shape,"(8,)"
n_selfcoldistance,2
observation_shape,"(25,)"
action_shape,"(8,)"
n_selfcoldistance,2
observation_shape,"(25,)"
action_shape,"(8,)"
n_selfcoldistance,2
observation_shape,"(25,)"
action_shape,"(8,)"
n_selfcoldistance,2
observation_shape,"(25,)"
action_shape,"(8,)"
n_selfcoldistance,2
observation_shape,"(25,)"
action_shape,"(8,)"
n_selfcoldistance,2
observation_shape,"(25,)"
action_shape,"(8,)"
n_selfcoldistance,2
observation_shape,"(25,)"
action_shape,"(8,)"
n_selfcoldistance,2
observation_shape,"(25,)"
action_shape,"(8,)"
n_selfcoldistance,2
observation_shape,"(25,)"
action_shape,"(8,)"
n_selfcoldistance,2
observation_shape,"(25,)"
action_shape,"(8,)"
n_selfcoldistance,2
observation_shape,"(25,)"
action_shape,"(8,)"
n_selfcoldistance,2
observation_shape,"(25,)"
action_shape,"(8,)"
n_selfcoldistance,2
observation_shape,"(25,)"
action_shape,"(8,)"
n_selfcoldistance,2
observation_shape,"(25,)"
action_shape,"(8,)"
n_selfcoldistance,2
observation_shape,"(25,)"
action_shape,"(8,)"
n_selfcoldistance,2
observation_shape,"(25,)"
action_shape,"(8,)"
n_selfcoldistance,2
observation_shape,"(25,)"
action_shape,"(8,)"
n_selfcoldistance,2
observation_shape,"(25,)"
action_shape,"(8,)"
n_selfcoldistance,2
observation_shape,"(25,)"
action_shape,"(8,)"
n_selfcoldistance,2
observation_shape,"(25,)"
action_shape,"(8,)"
n_selfcoldistance,2
observation_shape,"(25,)"
action_shape,"(8,)"
n_selfcoldistance,2
observation_shape,"(25,)"
action_shape,"(8,)"
n_selfcoldistance,2
observation_shape,"(25,)"
action_shape,"(8,)"
n_selfcoldistance,2
observation_shape,"(25,)"
action_shape,"(8,)"
n_selfcoldistance,2
observation_shape,"(25,)"
action_shape,"(8,)"
n_selfcoldistance,2
observation_shape,"(25,)"
action_shape,"(8,)"
n_selfcoldistance,2
observation_shape,"(25,)"
action_shape,"(8,)"
n_selfcoldistance,2
observation_shape,"(25,)"
action_shape,"(8,)"
n_selfcoldistance,2
observation_shape,"(25,)"
action_shape,"(8,)"
n_selfcoldistance,2
observation_shape,"(25,)"
action_shape,"(8,)"
n_selfcoldistance,2
observation_shape,"(25,)"
action_shape,"(8,)"
n_selfcoldistance,2
observation_shape,"(25,)"
action_shape,"(8,)"
n_selfcoldistance,2
observation_shape,"(25,)"
action_shape,"(8,)"
n_selfcoldistance,2
observation_shape,"(25,)"
action_shape,"(8,)"
n_selfcoldistance,2
observation_shape,"(25,)"
action_shape,"(8,)"
n_selfcoldistance,2
observation_shape,"(25,)"
action_shape,"(8,)"
n_selfcoldistance,2
observation_shape,"(25,)"
action_shape,"(8,)"
n_selfcoldistance,2
observation_shape,"(25,)"
action_shape,"(8,)"
n_selfcoldistance,2
observation_shape,"(25,)"
n_selfcoldistance,2
observation_shape,"(25,)"
action_shape,"(8,)"
action_shape,"(8,)"
n_selfcoldistance,2
observation_shape,"(25,)"
action_shape,"(8,)"
n_selfcoldistance,2
observation_shape,"(25,)"
action_shape,"(8,)"
n_selfcoldistance,2
observation_shape,"(25,)"
action_shape,"(8,)"
n_selfcoldistance,2
observation_shape,"(25,)"
action_shape,"(8,)"
n_selfcoldistance,2
observation_shape,"(25,)"
action_shape,"(8,)"
n_selfcoldistance,2
observation_shape,"(25,)"
action_shape,"(8,)"
n_selfcoldistance,2
observation_shape,"(25,)"
action_shape,"(8,)"
n_selfcoldistance,2
observation_shape,"(25,)"
action_shape,"(8,)"
n_selfcoldistance,2
observation_shape,"(25,)"
action_shape,"(8,)"
n_selfcoldistance,2
observation_shape,"(25,)"
action_shape,"(8,)"
n_selfcoldistance,2
observation_shape,"(25,)"
action_shape,"(8,)"
n_selfcoldistance,2
observation_shape,"(25,)"
action_shape,"(8,)"
n_selfcoldistance,2
observation_shape,"(25,)"
action_shape,"(8,)"
n_selfcoldistance,2
observation_shape,"(25,)"
action_shape,"(8,)"
n_selfcoldistance,2
observation_shape,"(25,)"
action_shape,"(8,)"
n_selfcoldistance,2
observation_shape,"(25,)"
action_shape,"(8,)"
n_selfcoldistance,2
observation_shape,"(25,)"
action_shape,"(8,)"
n_selfcoldistance,2
observation_shape,"(25,)"
action_shape,"(8,)"
n_selfcoldistance,2
observation_shape,"(25,)"
action_shape,"(8,)"
n_selfcoldistance,2
observation_shape,"(25,)"
action_shape,"(8,)"
n_selfcoldistance,2
observation_shape,"(25,)"
action_shape,"(8,)"
n_selfcoldistance,2
observation_shape,"(25,)"
action_shape,"(8,)"
n_selfcoldistance,2
observation_shape,"(25,)"
action_shape,"(8,)"
n_selfcoldistance,2
observation_shape,"(25,)"
action_shape,"(8,)"
n_selfcoldistance,2
observation_shape,"(25,)"
action_shape,"(8,)"
n_selfcoldistance,2
observation_shape,"(25,)"
action_shape,"(8,)"
n_selfcoldistance,2
observation_shape,"(25,)"
action_shape,"(8,)"
n_selfcoldistance,2
observation_shape,"(25,)"
action_shape,"(8,)"
n_selfcoldistance,2
observation_shape,"(25,)"
action_shape,"(8,)"
n_selfcoldistance,2
observation_shape,"(25,)"
action_shape,"(8,)"
n_selfcoldistance,2
observation_shape,"(25,)"
action_shape,"(8,)"
n_selfcoldistance,2
observation_shape,"(25,)"
action_shape,"(8,)"
n_selfcoldistance,2
observation_shape,"(25,)"
action_shape,"(8,)"
n_selfcoldistance,2
observation_shape,"(25,)"
action_shape,"(8,)"
n_selfcoldistance,2
observation_shape,"(25,)"
action_shape,"(8,)"
n_selfcoldistance,2
observation_shape,"(25,)"
action_shape,"(8,)"
n_selfcoldistance,2
observation_shape,"(25,)"
action_shape,"(8,)"
n_selfcoldistance,2
observation_shape,"(25,)"
action_shape,"(8,)"
n_selfcoldistance,2
observation_shape,"(25,)"
action_shape,"(8,)"
n_selfcoldistance,2
observation_shape,"(25,)"
action_shape,"(8,)"
n_selfcoldistance,2
observation_shape,"(25,)"
action_shape,"(8,)"
n_selfcoldistance,2
observation_shape,"(25,)"
action_shape,"(8,)"
n_selfcoldistance,2
observation_shape,"(25,)"
action_shape,"(8,)"
n_selfcoldistance,2
observation_shape,"(25,)"
action_shape,"(8,)"
n_selfcoldistance,2
observation_shape,"(25,)"
action_shape,"(8,)"
n_selfcoldistance,2
observation_shape,"(25,)"
action_shape,"(8,)"
n_selfcoldistance,2
observation_shape,"(25,)"
action_shape,"(8,)"
n_selfcoldistance,2
observation_shape,"(25,)"
action_shape,"(8,)"
n_selfcoldistance,2
observation_shape,"(25,)"
action_shape,"(8,)"
n_selfcoldistance,2
observation_shape,"(25,)"
action_shape,"(8,)"
n_selfcoldistance,2
observation_shape,"(25,)"
action_shape,"(8,)"
n_selfcoldistance,2
observation_shape,"(25,)"
action_shape,"(8,)"
n_selfcoldistance,2
observation_shape,"(25,)"
action_shape,"(8,)"
n_selfcoldistance,2
observation_shape,"(25,)"
action_shape,"(8,)"
n_selfcoldistance,2
observation_shape,"(25,)"
action_shape,"(8,)"
n_selfcoldistance,2
observation_shape,"(25,)"
action_shape,"(8,)"
n_selfcoldistance,2
observation_shape,"(25,)"
action_shape,"(8,)"
n_selfcoldistance,2
observation_shape,"(25,)"
action_shape,"(8,)"
n_selfcoldistance,2
observation_shape,"(25,)"
action_shape,"(8,)"
n_selfcoldistance,2
observation_shape,"(25,)"
action_shape,"(8,)"
n_selfcoldistance,2
observation_shape,"(25,)"
action_shape,"(8,)"
n_selfcoldistance,2
observation_shape,"(25,)"
action_shape,"(8,)"
n_selfcoldistance,2
observation_shape,"(25,)"
action_shape,"(8,)"
n_selfcoldistance,2
observation_shape,"(25,)"
action_shape,"(8,)"
n_selfcoldistance,2
observation_shape,"(25,)"
action_shape,"(8,)"
n_selfcoldistance,2
observation_shape,"(25,)"
action_shape,"(8,)"
n_selfcoldistance,2
observation_shape,"(25,)"
action_shape,"(8,)"
n_selfcoldistance,2
observation_shape,"(25,)"
action_shape,"(8,)"
n_selfcoldistance,2
observation_shape,"(25,)"
action_shape,"(8,)"
n_selfcoldistance,2
observation_shape,"(25,)"
action_shape,"(8,)"
n_selfcoldistance,2
observation_shape,"(25,)"
action_shape,"(8,)"
n_selfcoldistance,2
observation_shape,"(25,)"
action_shape,"(8,)"
n_selfcoldistance,2
observation_shape,"(25,)"
action_shape,"(8,)"
n_selfcoldistance,2
observation_shape,"(25,)"
action_shape,"(8,)"
n_selfcoldistance,2
observation_shape,"(25,)"
action_shape,"(8,)"
n_selfcoldistance,2
observation_shape,"(25,)"
action_shape,"(8,)"
n_selfcoldistance,2
observation_shape,"(25,)"
action_shape,"(8,)"
n_selfcoldistance,2
observation_shape,"(25,)"
action_shape,"(8,)"
n_selfcoldistance,2
observation_shape,"(25,)"
action_shape,"(8,)"
n_selfcoldistance,2
observation_shape,"(25,)"
action_shape,"(8,)"
n_selfcoldistance,2
observation_shape,"(25,)"
action_shape,"(8,)"
n_selfcoldistance,2
observation_shape,"(25,)"
action_shape,"(8,)"
n_selfcoldistance,2
observation_shape,"(25,)"
action_shape,"(8,)"
n_selfcoldistance,2
observation_shape,"(25,)"
action_shape,"(8,)"
n_selfcoldistance,2
observation_shape,"(25,)"
action_shape,"(8,)"
n_selfcoldistance,2
observation_shape,"(25,)"
action_shape,"(8,)"
n_selfcoldistance,2
observation_shape,"(25,)"
action_shape,"(8,)"
n_selfcoldistance,2
observation_shape,"(25,)"
action_shape,"(8,)"
n_selfcoldistance,2
observation_shape,"(25,)"
action_shape,"(8,)"
n_selfcoldistance,2
observation_shape,"(25,)"
action_shape,"(8,)"
n_selfcoldistance,2
observation_shape,"(25,)"
action_shape,"(8,)"
n_selfcoldistance,2
observation_shape,"(25,)"
action_shape,"(8,)"
n_selfcoldistance,2
observation_shape,"(25,)"
action_shape,"(8,)"
n_selfcoldistance,2
observation_shape,"(25,)"
action_shape,"(8,)"
n_selfcoldistance,2
observation_shape,"(25,)"
action_shape,"(8,)"
n_selfcoldistance,2
observation_shape,"(25,)"
action_shape,"(8,)"
n_selfcoldistance,2
observation_shape,"(25,)"
action_shape,"(8,)"
n_selfcoldistance,2
observation_shape,"(25,)"
action_shape,"(8,)"
n_selfcoldistance,2
observation_shape,"(25,)"
action_shape,"(8,)"
n_selfcoldistance,2
observation_shape,"(25,)"
action_shape,"(8,)"
n_selfcoldistance,2
observation_shape,"(25,)"
action_shape,"(8,)"
n_selfcoldistance,2
observation_shape,"(25,)"
action_shape,"(8,)"
n_selfcoldistance,2
observation_shape,"(25,)"
action_shape,"(8,)"
n_selfcoldistance,2
observation_shape,"(25,)"
action_shape,"(8,)"
n_selfcoldistance,2
observation_shape,"(25,)"
action_shape,"(8,)"
n_selfcoldistance,2
observation_shape,"(25,)"
action_shape,"(8,)"
n_selfcoldistance,2
observation_shape,"(25,)"
action_shape,"(8,)"
n_selfcoldistance,2
observation_shape,"(25,)"
action_shape,"(8,)"
n_selfcoldistance,2
observation_shape,"(25,)"
action_shape,"(8,)"
n_selfcoldistance,2
observation_shape,"(25,)"
action_shape,"(8,)"
n_selfcoldistance,2
observation_shape,"(25,)"
action_shape,"(8,)"
n_selfcoldistance,2
observation_shape,"(25,)"
action_shape,"(8,)"
n_selfcoldistance,2
observation_shape,"(25,)"
action_shape,"(8,)"
n_selfcoldistance,2
observation_shape,"(25,)"
action_shape,"(8,)"
n_selfcoldistance,2
observation_shape,"(25,)"
action_shape,"(8,)"
n_selfcoldistance,2
observation_shape,"(25,)"
action_shape,"(8,)"
n_selfcoldistance,2
observation_shape,"(25,)"
action_shape,"(8,)"
n_selfcoldistance,2
observation_shape,"(25,)"
action_shape,"(8,)"
n_selfcoldistance,2
n_selfcoldistance,2
observation_shape,"(25,)"
observation_shape,"(25,)"
action_shape,"(8,)"
action_shape,"(8,)"
n_selfcoldistance,2
observation_shape,"(25,)"
action_shape,"(8,)"
n_selfcoldistance,2
observation_shape,"(25,)"
action_shape,"(8,)"
n_selfcoldistance,2
observation_shape,"(25,)"
action_shape,"(8,)"
n_selfcoldistance,2
observation_shape,"(25,)"
action_shape,"(8,)"
n_selfcoldistance,2
observation_shape,"(25,)"
action_shape,"(8,)"
n_selfcoldistance,2
observation_shape,"(25,)"
action_shape,"(8,)"
n_selfcoldistance,2
observation_shape,"(25,)"
action_shape,"(8,)"
n_selfcoldistance,2
observation_shape,"(25,)"
action_shape,"(8,)"
n_selfcoldistance,2
observation_shape,"(25,)"
action_shape,"(8,)"
n_selfcoldistance,2
observation_shape,"(25,)"
action_shape,"(8,)"
n_selfcoldistance,2
observation_shape,"(25,)"
action_shape,"(8,)"
n_selfcoldistance,2
observation_shape,"(25,)"
action_shape,"(8,)"
n_selfcoldistance,2
observation_shape,"(25,)"
action_shape,"(8,)"
n_selfcoldistance,2
observation_shape,"(25,)"
action_shape,"(8,)"
n_selfcoldistance,2
observation_shape,"(25,)"
action_shape,"(8,)"
n_selfcoldistance,2
observation_shape,"(25,)"
action_shape,"(8,)"
n_selfcoldistance,2
observation_shape,"(25,)"
action_shape,"(8,)"
n_selfcoldistance,2
observation_shape,"(25,)"
action_shape,"(8,)"
n_selfcoldistance,2
observation_shape,"(25,)"
action_shape,"(8,)"
n_selfcoldistance,2
observation_shape,"(25,)"
action_shape,"(8,)"
n_selfcoldistance,2
observation_shape,"(25,)"
action_shape,"(8,)"
n_selfcoldistance,2
observation_shape,"(25,)"
action_shape,"(8,)"
n_selfcoldistance,2
observation_shape,"(25,)"
action_shape,"(8,)"
n_selfcoldistance,2
observation_shape,"(25,)"
action_shape,"(8,)"
n_selfcoldistance,2
observation_shape,"(25,)"
action_shape,"(8,)"
n_selfcoldistance,2
observation_shape,"(25,)"
action_shape,"(8,)"
n_selfcoldistance,2
observation_shape,"(25,)"
action_shape,"(8,)"
n_selfcoldistance,2
observation_shape,"(25,)"
action_shape,"(8,)"
n_selfcoldistance,2
observation_shape,"(25,)"
action_shape,"(8,)"
n_selfcoldistance,2
observation_shape,"(25,)"
action_shape,"(8,)"
